,sample,sample_base,sample_plus1,sample_squared
0,1.0,1.0,2.0,1.0
1,2.0,2.0,3.0,4.0
2,4.4,4.0,5.4,19.360000000000003
3,4.5,4.0,5.5,20.25
4,8.8,8.0,9.8,77.44000000000001
5,9.1,9.0,10.1,82.80999999999999
6,8.7,8.0,9.7,75.68999999999998
7,2.3,2.0,3.3,5.289999999999999
8,2.4,2.0,3.4,5.76
9,3.1,3.0,4.1,9.610000000000001
10,5.9,5.0,6.9,34.81
